{
  "build": {
    "core": "MegaCoreX",
    "extra_flags": "-DARDUINO_AVR_ATmega4808 -DARDUINO_LMIC_PROJECT_CONFIG_H_SUPPRESS -DCFG_eu868=1 -DCFG_sx1276_radio=1",
    "f_cpu": "8000000L",
    "mcu": "atmega4808",
    "variant": "28pin-standard"
  },
  "hardware": {
    "oscillator": "internal"
  },
  "frameworks": [
    "arduino"
  ],
  "name": "MakerAlc LoRa (3V, 8 MHz)",
  "upload": {
    "maximum_ram_size": 6144,
    "maximum_size": 49152,
    "protocol": "serialupdi",
    "speed": 115200
  },
  "url": "https://github.com/Ricardo1366/Placa_MakerAlc",
  "vendor": "Maker Alicante"
}
